{
  "$schema": "https://schema.management.azure.com/schemas/2015-01-01/deploymentTemplate.json#",
  "contentVersion": "1.0.0.0",
  "parameters": {
    "workflows_feedupsell_name": {
		"defaultValue": "feedupsell1",
		"type": "String"
	},
	"roleNameGuid": {
      "type": "string",
      "defaultValue": "[newGuid()]",
      "metadata": {
        "description": "A new GUID used to identify the role assignment"
      }
    }
  },
  "resources": [	
	{
      "type": "Microsoft.Authorization/roleAssignments",
      "apiVersion": "2018-09-01-preview",
      "name": "[parameters('roleNameGuid')]",
      "properties": {
        "roleDefinitionId": "[concat('/subscriptions/', subscription().subscriptionId, '/providers/Microsoft.Authorization/roleDefinitions/749f88d5-cbae-40b8-bcfc-e573ddc772fa')]",
        "principalId": "[reference(concat(resourceId('Microsoft.Logic/workflows', parameters('workflows_feedupsell_name')), '/providers/Microsoft.ManagedIdentity/Identities/default'), '2015-08-31-PREVIEW').principalId]"
      }
    }
  ]
}