{
  "$schema": "https://schema.management.azure.com/schemas/0.1.2-preview/CreateUIDefinition.MultiVm.json#",
  "handler": "Microsoft.Azure.CreateUIDef",
  "version": "0.1.2-preview",
  "parameters": {
    "basics": [
      {
        "name": "Info",
        "type": "Microsoft.Common.Section",
        "label": "Managed application Name",
        "elements": [
          {
            "name": "applicationNameInfoBox",
            "type": "Microsoft.Common.InfoBox",
            "visible": true,
            "options": {
              "text": "VIAcode-Incident-Management-System-for-Azure",
              "icon": "Info"
            }
          }
        ],
        "visible": true
      }
    ],
    "steps": [
      {
        "name": "applicationSettings",
        "label": "Settings",
        "subLabel": {
          "preValidation": "Provide VIAcode Incident Management System for Azure parameters",
          "postValidation": "Done"
        },
        "bladeTitle": "Settings",
        "elements": [
          {
            "name": "namePrefix",
            "type": "Microsoft.Common.TextBox",
            "label": "Name Prefix",
            "toolTip": "Prefix for all resources",
            "constraints": {
              "required": true,
              "regex": "^[a-z0-9]{1,8}$",
              "validationMessage": "Naming prefix for each new resource created. 8-char max, lowercase alphanumeric"
            },
            "visible": true
          },
          {
            "name": "userName",
            "type": "Microsoft.Common.TextBox",
            "label": "Email",
            "toolTip": "VIAcode Incident Management System for Azure administrator email",
            "constraints": {
              "required": true,
              "regex": "^[a-zA-Z0-9_.+-]+@[a-zA-Z0-9-]+\\.[a-zA-Z0-9-.]+$",
              "validationMessage": "Please enter valid email address"
            },
            "visible": true
          },
          {
            "name": "password",
            "type": "Microsoft.Common.PasswordBox",
            "label": {
              "password": "Password",
              "confirmPassword": "Confirm password"
            },
            "toolTip": "VIAcode Incident Management System for Azure administrator password",
            "constraints": {
              "required": true,
              "regex": ".{3,}",
              "validationMessage": "The password must contain at least 3 symbols"
            },
            "options": {},
            "visible": true
          }
        ]
      },
      {
        "name": "adIntegration",
        "label": "Azure AD Integration",
        "subLabel": {
          "preValidation": "Provide SPN",
          "postValidation": "Done"
        },
        "bladeTitle": "Azure AD Integration",
        "elements": [
          {
            "name": "enabled",
            "type": "Microsoft.Common.OptionsGroup",
            "label": "Azure AD Integration",
            "defaultValue": "Disabled",
            "toolTip": "Enable or disable Azure AD integration for VIAcode Incident Management System for Azure",
            "constraints": {
              "allowedValues": [
                {
                  "label": "Enabled",
                  "value": "enabled"
                },
                {
                  "label": "Disabled",
                  "value": "disabled"
                }
              ],
              "required": true
            },
            "visible": true
          },
          {
            "name": "aadAppRegistrationName",
            "type": "Microsoft.Common.TextBox",
            "label": "Azure AD Application Registration ID",
            "toolTip": "Application Registration ID that VIAcode Incident Management System for Azure will use to integrate into Azure AD",
            "constraints": {
              "required": false,
              "regex": "^[a-z0-9A-Z]{8}-([a-z0-9A-Z]{4}-){3}[a-z0-9A-Z]{12}$",
              "validationMessage": "Must be a well-formed GUID"
            },
            "visible": "[equals(steps('adIntegration').enabled, 'enabled')]"
          },
          {
            "name": "appRegistrationSecret",
            "type": "Microsoft.Common.PasswordBox",
            "label": {
              "password": "Secret",
              "confirmPassword": "Confirm secret"
            },
            "toolTip": "Application Registration secret",
            "constraints": {
              "required": false,
              "regex": ".{3,}",
              "validationMessage": "The secret must contain at least 3 symbols"
            },
            "options": {
              "hideConfirmation": true
            },
            "visible": "[equals(steps('adIntegration').enabled, 'enabled')]"
          }
        ]
      }
    ],
    "outputs": {
      "location": "[location()]",
      "userName": "[steps('applicationSettings').userName]",
      "password": "[steps('applicationSettings').password]",
      "namePrefix": "[steps('applicationSettings').namePrefix]",
      "applicationResourceName": "[basics('Info').applicationNameInfoBox]",
      "aadAppRegistrationName": "[coalesce(steps('adIntegration').aadAppRegistrationName, '')]",
      "appRegistrationSecret": "[coalesce(steps('adIntegration').appRegistrationSecret, '')]"
    }
  }
}