{
  "$schema": "http://schema.management.azure.com/schemas/2015-01-01/deploymentTemplate.json",
  "contentVersion": "1.0.0.0",
  "parameters": {
    "apiName": {
      "type": "string",
      "metadata": {
        "description": ""
      },
      "defaultValue": "ItsmAPI20190708075725"
    },
	"webAppId": {
	  "type": "string",
	  "metadata": {
        "description": ""
      }
	},
    "location": {
      "type": "string",
      "metadata": {
        "description": ""
      }
    }
  },
  "variables": {
    "providerApiVersion": "2018-09-01-preview"
  },
  "resources": [
    {
      "apiVersion": "[variables('providerApiVersion')]",
      "type": "Microsoft.CustomProviders/resourceProviders",
      "name": "public",
      "location": "eastus",
      "properties": {
        "actions": [
          {
            "name": "restartVIMS",
            "routingType": "Proxy",
            "endPoint": "[concat(listSecrets(resourceId('Microsoft.Web/sites/functions', parameters('apiName'), 'restartVIMS'),'2015-08-01').trigger_url, '&appId=', uriComponent(parameters('webAppId')))]"
          }, 
          {
            "name": "renewADIntegration",
            "routingType": "Proxy",
            "endPoint": "[listSecrets(resourceId('Microsoft.Web/sites/functions', parameters('apiName'), 'RenewADIntegration'),'2015-08-01').trigger_url]"
          }
        ]
      }
    }
  ],
  "outputs": {}
}