{
  "$schema": "http://schema.management.azure.com/schemas/2015-01-01/deploymentTemplate.json#",
  "contentVersion": "1.0.0.0",
  "parameters": {
    "namePrefix": {
      "type": "string"
    },
    "linkedTemplates": {
      "type": "object"
    },
    "location": {
      "type": "string"
    },
    "aiName": {
      "type": "string"
    }
  },
  "variables": {
    "deploymentApiVersion": "2018-02-01",
    "SLAworkbooksDisplayName": "VIMS reports",
    "unmanagedSubscriptionAlertRule": {
      "Name": "Subscription is unmanaged",
      "Description": "Issue: Managing the Azure infrastructure by yourself is a time-consuming process that is requiring you to continuously invest most of your time in the investigation of the root-causes, tuning the workload size, managing the updates and other activities. \n\nRecommendation: Activate {0} offer via the Azure Marketplace or contact the VIAcode MSP Experts team to delegate management of this subscription to our team."
    },
    "serviceHealthAlertRule": {
      "Name": "Microsoft Azure infrastructure failure!",
      "Description": "Issue: Microsoft Azure infrastructure is experiencing an issue that may affect your services. \nRecommendation: Sign up for a free {0} to get recommendations for providing business continuity and protect your infrastructure from the major cloud platform failures."
    },
    "viaCodeManagedServiceLink": "[VIAcode Managed Service] (https://azuremarketplace.microsoft.com/en-us/marketplace/apps/viacode_consulting-1089577.viacodems?tab=Overview)",
    "viaCodeCloudAssessmentLink": "[VIAcode Cloud Assessment] (https://azuremarketplace.microsoft.com/en-us/marketplace/consulting-services/viacode_consulting-1089577.viacode-free-assessment-preview?tab=Overview&flightCodes=viacode)"
  },
  "resources": [
    {
      "apiVersion": "[variables('deploymentApiVersion')]",
      "name": "deployAlerts",
      "dependsOn": [],
      "type": "Microsoft.Resources/deployments",
      "properties": {
        "mode": "Incremental",
        "templateLink": {
          "uri": "[parameters('linkedTemplates').viacodeInsights.alerts]",
          "contentVersion": "1.0.0.0"
        },
        "parameters": {
          "appInsightsId": {
            "value": "[resourceId('Microsoft.Insights/components', parameters('aiName'))]"
          },
          "location": {
            "value": "[parameters('location')]"
          },
          "unmanagedSubscriptionAlertRuleName": {
            "value": "[variables('unmanagedSubscriptionAlertRule').Name]"
          },
          "unmanagedSubscriptionAlertRuleDescription": {
            "value": "[variables('unmanagedSubscriptionAlertRule').Description]"
          },
          "viaCodeManagedServiceLink": {
            "value": "[variables('viaCodeManagedServiceLink')]"
          },
          "serviceHealthAlertRuleName": {
            "value": "[variables('serviceHealthAlertRule').Name]"
          },
          "serviceHealthAlertRuleDescription": {
            "value": "[variables('serviceHealthAlertRule').Description]"
          },
          "viaCodeCloudAssessmentLink": {
            "value": "[variables('viaCodeCloudAssessmentLink')]"
          }
        }
      }
    },
    {
      "apiVersion": "[variables('deploymentApiVersion')]",
      "name": "deployViacodeInsightsTriggerFeedLogicApp",
      "type": "Microsoft.Resources/deployments",
      "properties": {
        "mode": "Incremental",
        "templateLink": {
          "uri": "[parameters('linkedTemplates').viacodeInsights.viacodeInsightsTriggerFeedLogicApp]",
          "contentVersion": "1.0.0.0"
        },
        "parameters": {
          "location": {
            "value": "[parameters('location')]"
          },
          "namePrefix": {
            "value": "[parameters('namePrefix')]"
          }
        }
      }
    }
  ],
  "outputs": {
    "logicAppPrincipalId": {
      "type": "string",
      "value": "[reference('deployViacodeInsightsTriggerFeedLogicApp', variables('deploymentApiVersion')).outputs.principalId.value]"
    }
  }
}
