{
  "$schema": "http://schema.management.azure.com/schemas/2015-01-01/deploymentTemplate.json#",
  "contentVersion": "1.0.0.0",
  "parameters": {
    "namePrefix": {
      "type": "string"
    },
    "location": {
      "type": "string",
      "metadata": {
        "description": ""
      }
    }
  },
  "variables": {
    "storageAccountApiVersion": "2019-04-01",
    "appInsightsApiVersion": "2015-05-01",
    "servicePlanApiVersion": "2018-02-01",
    "connectorStorageName": "[concat(parameters('namePrefix'), 'sa', uniqueString(resourceGroup().id))]",
    "connectorAIName": "[concat(parameters('namePrefix'), '-ai-', uniqueString(resourceGroup().id))]",
    "serverfarmName": "[concat(parameters('namePrefix'), '-sf-', uniqueString(resourceGroup().id))]"
  },
  "resources": [
    {
      "apiVersion": "[variables('storageAccountApiVersion')]",
      "sku": {
        "name": "Standard_LRS",
        "tier": "Standard"
      },
      "kind": "Storage",
      "name": "[variables('connectorStorageName')]",
      "type": "Microsoft.Storage/storageAccounts",
      "location": "[parameters('location')]",
      "properties": {
        "networkAcls": {
          "bypass": "AzureServices",
          "defaultAction": "Allow"
        },
        "supportsHttpsTrafficOnly": true,
        "encryption": {
          "services": {
            "file": {
              "enabled": true
            },
            "blob": {
              "enabled": true
            }
          },
          "keySource": "Microsoft.Storage"
        }
      }
    },
    {
      "type": "Microsoft.Web/serverfarms",
      "apiVersion": "[variables('servicePlanApiVersion')]",
      "name": "[variables('serverfarmName')]",
      "location": "[parameters('location')]",
      "sku": {
        "name": "Y1",
        "tier": "Dynamic",
        "size": "Y1",
        "family": "Y",
        "capacity": 0
      },
      "kind": "functionapp"
    },
    {
      "type": "microsoft.insights/components",
      "apiVersion": "[variables('appInsightsApiVersion')]",
      "name": "[variables('connectorAIName')]",
      "location": "[parameters('location')]",
      "properties": {
        "Request_Source": "IbizaWebAppExtensionCreate"
      }
    }
  ],
  "outputs": {
    "storageName": {
      "type": "string",
      "value": "[variables('connectorStorageName')]"
    },
    "aIName": {
      "type": "string",
      "value": "[variables('connectorAIName')]"
    },
    "serverfarmName": {
      "type": "string",
      "value": "[variables('serverfarmName')]"
    }
  }
}