{
  "$schema": "http://schema.management.azure.com/schemas/2015-01-01/deploymentTemplate.json#",
  "contentVersion": "1.0.0.0",
  "parameters": {
    "kvName": {
      "type": "string",
      "metadata": {
        "description": ""
      }
    },
    "zammadUserName": {
      "type": "string",
      "metadata": {
        "description": ""
      }
    },
    "zammadPassword": {
      "type": "securestring",
      "metadata": {
        "description": ""
      }
    },
    "location": {
      "type": "string",
      "metadata": {
        "description": ""
      }
    }
  },
  "variables": {
    "keyVaultApiVersion": "2018-02-14"
  },
  "resources": [
    {
      "apiVersion": "[variables('keyVaultApiVersion')]",
      "type": "Microsoft.KeyVault/vaults",
      "name": "[parameters('kvName')]",
      "location": "[parameters('location')]",
      "properties": {
        "tenantId": "[subscription().tenantId]",
        "sku": {
          "family": "A",
          "name": "Standard"
        },
        "accessPolicies": []
      }
    },
    {
      "name": "[concat(parameters('kvName'), '/Login')]",
      "type": "Microsoft.KeyVault/vaults/secrets",
      "apiVersion": "[variables('keyVaultApiVersion')]",
      "properties": {
        "value": "[parameters('zammadUserName')]"
      },
      "dependsOn": [ "[resourceId('Microsoft.KeyVault/vaults', parameters('kvName'))]" ]
    },
    {
      "name": "[concat(parameters('kvName'), '/Password')]",
      "type": "Microsoft.KeyVault/vaults/secrets",
      "apiVersion": "[variables('keyVaultApiVersion')]",
      "properties": {
        "value": "[parameters('zammadPassword')]"
      },
      "dependsOn": [ "[resourceId('Microsoft.KeyVault/vaults', parameters('kvName'))]" ]
    }
  ],
  "outputs": {
    "vaultUri": {
      "type": "string",
      "value": "[reference(resourceId('Microsoft.KeyVault/vaults', parameters('kvName')), variables('keyVaultApiVersion')).vaultUri]"
    }
  }
}