{
  "$schema": "https://schema.management.azure.com/schemas/2015-01-01/deploymentTemplate.json#",
  "contentVersion": "1.0.0.0",
  "parameters": {
    "location": {
      "type": "string"
    },
    "connectorFilesPath": {
      "type": "string"
    },
    "keyVaultUri": {
      "type": "string"
    },
    "zammadUrl": {
      "type": "string"
    },
    "namePrefix": {
      "type": "string"
    }
  },
  "variables": {
    "storageAccountApiVersion": "2019-04-01",
    "appInsightsApiVersion": "2015-05-01",
    "servicePlanApiVersion": "2018-02-01",
    "appApiVersion": "2018-11-01",
    "managedIdentityApiVersion": "2015-08-31-PREVIEW",
    "connectorStorageName": "[concat(parameters('namePrefix'), 'sa', uniqueString(resourceGroup().id))]",
    "connectorAIName": "[concat(parameters('namePrefix'), '-ai-', uniqueString(resourceGroup().id))]",
    "connectorName": "[concat(parameters('namePrefix'), '-api-', uniqueString(resourceGroup().id))]",
    "serverfarmName": "[concat(parameters('namePrefix'), '-sf-', uniqueString(resourceGroup().id))]",
    "regions": {
      "centralus": {
        "geo": "unitedstates",
        "pairedRegions": [
          "eastus2",
          "eastus"
        ]
      },
      "eastus2": {
        "geo": "unitedstates",
        "pairedRegions": [
          "centralus",
          "eastus"
        ]
      },
      "eastus": {
        "geo": "unitedstates",
        "pairedRegions": [
          "westus"
        ]
      },
      "northcentralus": {
        "geo": "unitedstates",
        "pairedRegions": [
          "southcentralus"
        ]
      },
      "southcentralus": {
        "geo": "unitedstates",
        "pairedRegions": [
          "northcentralus"
        ]
      },
      "westus2": {
        "geo": "unitedstates",
        "pairedRegions": [
          "westcentralus"
        ]
      },
      "westcentralus": {
        "geo": "unitedstates",
        "pairedRegions": [
          "westus2"
        ]
      },
      "westus": {
        "geo": "unitedstates",
        "pairedRegions": [
          "eastus"
        ]
      },
      "canadacentral": {
        "geo": "canada",
        "pairedRegions": [
          "canadaeast"
        ]
      },
      "canadaeast": {
        "geo": "canada",
        "pairedRegions": [
          "canadacentral"
        ]
      },
      "brazilsouth": {
        "geo": "brazil",
        "pairedRegions": [
          "southcentralus"
        ]
      },
      "eastasia": {
        "geo": "asiapacific",
        "pairedRegions": [
          "southeastasia"
        ]
      },
      "southeastasia": {
        "geo": "asiapacific",
        "pairedRegions": [
          "eastasia"
        ]
      },
      "australiacentral": {
        "geo": "australia",
        "pairedRegions": [
          "australiacentral2",
          "australiaeast"
        ]
      },
      "australiacentral2": {
        "geo": "australia",
        "pairedRegions": [
          "australiacentral",
          "australiaeast"
        ]
      },
      "australiaeast": {
        "geo": "australia",
        "pairedRegions": [
          "australiasoutheast"
        ]
      },
      "australiasoutheast": {
        "geo": "australia",
        "pairedRegions": [
          "australiaeast"
        ]
      },
      "chinaeast": {
        "geo": "china",
        "pairedRegions": [
          "chinanorth",
          "chinaeast2"
        ]
      },
      "chinanorth": {
        "geo": "china",
        "pairedRegions": [
          "chinaeast",
          "chinaeast2"
        ]
      },
      "chinaeast2": {
        "geo": "china",
        "pairedRegions": [
          "chinanorth2"
        ]
      },
      "chinanorth2": {
        "geo": "china",
        "pairedRegions": [
          "chinaeast2"
        ]
      },
      "centralindia": {
        "geo": "india",
        "pairedRegions": [
          "southindia"
        ]
      },
      "southindia": {
        "geo": "india",
        "pairedRegions": [
          "centralindia"
        ]
      },
      "westindia": {
        "geo": "india",
        "pairedRegions": [
          "southindia",
          "centralindia"
        ]
      },
      "japaneast": {
        "geo": "japan",
        "pairedRegions": [
          "japanwest"
        ]
      },
      "japanwest": {
        "geo": "japan",
        "pairedRegions": [
          "japaneast"
        ]
      },
      "koreacentral": {
        "geo": "korea",
        "pairedRegions": [
          "koreasouth"
        ]
      },
      "koreasouth": {
        "geo": "korea",
        "pairedRegions": [
          "koreacentral"
        ]
      },
      "northeurope": {
        "geo": "europe",
        "pairedRegions": [
          "westeurope"
        ]
      },
      "westeurope": {
        "geo": "europe",
        "pairedRegions": [
          "northeurope"
        ]
      },
      "francecentral": {
        "geo": "france",
        "pairedRegions": [
          "francesouth"
        ]
      },
      "francesouth": {
        "geo": "france",
        "pairedRegions": [
          "francecentral"
        ]
      },
      "uksouth": {
        "geo": "unitedkingdom",
        "pairedRegions": [
          "ukwest"
        ]
      },
      "ukwest": {
        "geo": "unitedkingdom",
        "pairedRegions": [
          "uksouth"
        ]
      },
      "germanycentral": {
        "geo": "germany",
        "pairedRegions": [
          "germanynortheast"
        ]
      },
      "germanynortheast": {
        "geo": "germany",
        "pairedRegions": [
          "germanycentral"
        ]
      },
      "germanywestcentral": {
        "geo": "germany",
        "pairedRegions": []
      },
      "germanynorth": {
        "geo": "germany",
        "pairedRegions": []
      },
      "switzerlandwest": {
        "geo": "switzerland",
        "pairedRegions": []
      },
      "switzerlandnorth": {
        "geo": "switzerland",
        "pairedRegions": []
      },
      "norwaywest": {
        "geo": "norway",
        "pairedRegions": []
      },
      "norwayeast": {
        "geo": "norway",
        "pairedRegions": []
      },
      "southafricanorth": {
        "geo": "africa",
        "pairedRegions": []
      },
      "southafricawest": {
        "geo": "africa",
        "pairedRegions": []
      },
      "uaenorth": {
        "geo": "unitedarabemirates",
        "pairedRegions": []
      },
      "uaecentral": {
        "geo": "unitedarabemirates",
        "pairedRegions": []
      },
      "usdodcentral": {
        "geo": "azuregovernment",
        "pairedRegions": [
          "usdodeast",
          "usgovvirginia"
        ]
      },
      "usdodeast": {
        "geo": "azuregovernment",
        "pairedRegions": [
          "usdodcentral",
          "usgovvirginia"
        ]
      },
      "usgovarizona": {
        "geo": "azuregovernment",
        "pairedRegions": [
          "usgovtexas",
          "usgovvirginia"
        ]
      },
      "usgoviowa": {
        "geo": "azuregovernment",
        "pairedRegions": [
          "usgovvirginia"
        ]
      },
      "usgovtexas": {
        "geo": "azuregovernment",
        "pairedRegions": [
          "usgovarizona",
          "usgovvirginia"
        ]
      },
      "usgovvirginia": {
        "geo": "azuregovernment",
        "pairedRegions": [
          "usgovtexas"
        ]
      },
      "ussecwest": {
        "geo": "azuregovernment",
        "pairedRegions": []
      },
      "usseceast": {
        "geo": "azuregovernment",
        "pairedRegions": []
      }
    }
  },
  "functions": [
    {
      "namespace": "locations",
      "members": {
        "pairedLocation": {
          "parameters": [
            {
              "name": "location",
              "type": "string"
            },
            {
              "name": "regions",
              "type": "object"
            }
          ],
          "output": {
            "type": "string",
            "value": "[first(parameters('regions')[parameters('location')].pairedRegions)]"
          }
        }
      }
    }
  ],
  "resources": [
    {
      "apiVersion": "[variables('storageAccountApiVersion')]",
      "sku": {
        "name": "Standard_LRS",
        "tier": "Standard"
      },
      "kind": "Storage",
      "name": "[variables('connectorStorageName')]",
      "type": "Microsoft.Storage/storageAccounts",
      "location": "[locations.pairedLocation(parameters('location'), variables('regions'))]",
      "properties": {
        "networkAcls": {
          "bypass": "AzureServices",
          "defaultAction": "Allow"
        },
        "supportsHttpsTrafficOnly": true,
        "encryption": {
          "services": {
            "file": {
              "enabled": true
            },
            "blob": {
              "enabled": true
            }
          },
          "keySource": "Microsoft.Storage"
        }
      }
    },
    {
      "type": "Microsoft.Web/serverfarms",
      "apiVersion": "[variables('servicePlanApiVersion')]",
      "name": "[variables('serverfarmName')]",
      "location": "[locations.pairedLocation(parameters('location'), variables('regions'))]",
      "sku": {
        "name": "Y1",
        "tier": "Dynamic",
        "size": "Y1",
        "family": "Y",
        "capacity": 0
      },
      "kind": "functionapp"
    },
    {
      "type": "microsoft.insights/components",
      "apiVersion": "[variables('appInsightsApiVersion')]",
      "name": "[variables('connectorAIName')]",
      "location": "[locations.pairedLocation(parameters('location'), variables('regions'))]",
      "properties": {
        "ApplicationId": "[variables('connectorName')]",
        "Request_Source": "IbizaWebAppExtensionCreate"
      }
    },
    {
      "apiVersion": "[variables('appApiVersion')]",
      "name": "[variables('connectorName')]",
      "type": "Microsoft.Web/sites",
      "kind": "functionapp",
      "location": "[locations.pairedLocation(parameters('location'), variables('regions'))]",
      "dependsOn": [ "[resourceId('Microsoft.Storage/storageAccounts', variables('connectorStorageName'))]" ],
      "properties": {
        "httpsOnly": true,
        "serverFarmId": "[resourceId('Microsoft.Web/serverfarms', variables('serverfarmName'))]",
        "siteConfig": {
          "appSettings": [
            {
              "name": "APPINSIGHTS_INSTRUMENTATIONKEY",
              "value": "[reference(resourceId('Microsoft.Insights/components', variables('connectorAIName')), '2018-05-01-preview').InstrumentationKey]"
            },
            {
              "name": "AzureWebJobsStorage",
              "value": "[concat('DefaultEndpointsProtocol=https;AccountName=', variables('connectorStorageName'), ';AccountKey=',listKeys(resourceId('Microsoft.Storage/storageAccounts', variables('connectorStorageName')),variables('storageAccountApiVersion')).keys[0].value)]"
            },
            {
              "name": "AzureWebJobsSecretStorageType",
              "value": "Files"
            },
            {
              "name": "WEBSITE_RUN_FROM_PACKAGE",
              "value": "[parameters('connectorFilesPath')]"
            },
            {
              "name": "FUNCTIONS_EXTENSION_VERSION",
              "value": "~2"
            },
            {
              "name": "KeyVaultUrl",
              "value": "[parameters('keyVaultUri')]"
            },
            {
              "name": "ZammadUrl",
              "value": "[parameters('zammadUrl')]"
            }
          ]
        }
      },
      "identity": {
        "type": "SystemAssigned"
      }
    }
  ],
  "outputs": {
    "appName": {
      "type": "string",
      "value": "[variables('connectorName')]"
    },
	"functionAppResourceId": {
      "type": "string",
      "value": "[resourceId('Microsoft.Web/sites', variables('connectorName'))]"
    },
	"httpTriggerUrl": {
      "type": "string",
      "value": "[listSecrets(resourceId('Microsoft.Web/sites/functions', variables('connectorName'), 'EntrancePoint'),'2018-11-01').trigger_url]"
    },
    "principalId": {
      "type": "string",
      "value": "[reference(concat(resourceId('Microsoft.Web/sites', variables('connectorName')), '/providers/Microsoft.ManagedIdentity/Identities/default'), variables('managedIdentityApiVersion')).principalId]"
    },
    "connectorAIName": {
      "type": "string",
      "value": "[variables('connectorAIName')]"
    },
    "region": {
      "type": "string",
      "value": "[locations.pairedLocation(parameters('location'), variables('regions'))]"
    },
    "storageName": {
      "type": "string",
      "value": "[variables('connectorStorageName')]"
    },
    "aIName": {
      "type": "string",
      "value": "[variables('connectorAIName')]"
    },
    "serverfarmName": {
      "type": "string",
      "value": "[variables('serverfarmName')]"
    }
  }
}