{
  "$schema": "https://schema.management.azure.com/schemas/2015-01-01/deploymentTemplate.json#",
  "contentVersion": "1.0.0.0",
  "parameters": {
    "principalId": {
      "type": "string"
    },
	"siteName": {
	  "type": "string"
	}
  },
  "resources": [
    {
      "type": "Microsoft.Web/sites/providers/roleAssignments",
      "apiVersion": "2019-04-01-preview",
      "name": "[concat(parameters('siteName'), '/Microsoft.Authorization/', guid(resourceGroup().id))]",
      "properties": {
        "roleDefinitionId": "[concat(subscription().id, '/providers/Microsoft.Authorization/roleDefinitions/', 'de139f84-1756-47ae-9be6-808fbbe84772')]",
        "principalId": "[parameters('principalId')]"
      }
    }
  ]
}