{
  "$schema": "https://schema.management.azure.com/schemas/2015-01-01/deploymentTemplate.json#",
  "contentVersion": "1.0.0.0",
  "parameters": {
    "namePrefix": {
      "type": "string"
    },
    "location": {
      "type": "string"
    },
    "siteName": {
      "type": "string"
    },
    "azureApplicationId": {
      "type": "string"
    },
    "azureApplicationSecretKey": {
      "type": "securestring"
    },
    "vimsAdminUserName": {
      "type": "string"
    },
    "vimsAdminPassword": {
      "type": "securestring"
    },
    "scriptUri": {
      "type": "string"
    },
    "jobId": {
      "type": "string",
      "defaultValue": "[newGuid()]"
    }
  },
  "variables": {
    "runbookName": "CreateAdminAndEnableAuthViaOffice365Runbook",
    "runbookDescription": "Creates VIMS admin and enables VIMS authentication via Office 365",
    "sku": "Free",
    "accountName": "[concat(parameters('namePrefix'), '-aa-', uniqueString(resourceGroup().id))]"
  },
  "resources": [
    {
      "name": "[variables('accountName')]",
      "type": "Microsoft.Automation/automationAccounts",
      "apiVersion": "2015-01-01-preview",
      "location": "[parameters('location')]",
      "tags": {},
      "properties": {
        "sku": {
          "name": "[variables('sku')]"
        }
      },
      "resources": [
        {
          "name": "[variables('runbookName')]",
          "type": "runbooks",
          "apiVersion": "2015-01-01-preview",
          "location": "[parameters('location')]",
          "dependsOn": [
            "[concat('Microsoft.Automation/automationAccounts/', variables('accountName'))]"
          ],
          "tags": {},
          "properties": {
            "runbookType": "Script",
            "logProgress": false,
            "logVerbose": false,
            "description": "[variables('runbookDescription')]",
            "publishContentLink": {
              "uri": "[parameters('scriptUri')]",
              "version": "1.0.0.0"
            }
          }
        },
        {
          "name": "ZammadAzureAppCredential",
          "type": "credentials",
          "apiVersion": "2015-01-01-preview",
          "location": "[parameters('location')]",
          "condition": "[not(empty(parameters('azureApplicationId')))]",
          "dependsOn": [
            "[concat('Microsoft.Automation/automationAccounts/', variables('accountName'))]"
          ],
          "tags": {},
          "properties": {
            "userName": "[parameters('azureApplicationId')]",
            "password": "[parameters('azureApplicationSecretKey')]"
          }
        },
        {
          "name": "ZammadAdminCredential",
          "type": "credentials",
          "apiVersion": "2015-01-01-preview",
          "location": "[parameters('location')]",
          "dependsOn": [
            "[concat('Microsoft.Automation/automationAccounts/', variables('accountName'))]"
          ],
          "tags": {},
          "properties": {
            "userName": "[parameters('vimsAdminUserName')]",
            "password": "[parameters('vimsAdminPassword')]"
          }
        },
        {
          "name": "[parameters('jobId')]",
          "type": "jobs",
          "apiVersion": "2015-01-01-preview",
          "location": "[parameters('location')]",
          "dependsOn": [
            "[concat('Microsoft.Automation/automationAccounts/', variables('accountName'))]",
            "[concat('Microsoft.Automation/automationAccounts/', variables('accountName'), '/runbooks/',variables('runbookName'))]"
          ],
          "tags": {
            "key": "value"
          },
          "properties": {
            "runbook": {
              "name": "[variables('runbookName')]"
            },
            "parameters": {
              "siteDomain": "[parameters('siteName')]"
            }
          }
        }
      ]
    }
  ]
}